session	起止时间	轮次	commit范围	产出文档	快照	备注
abe0b8c9-cb4f-47c1-86f0-47700cf87d48	2026-10-02T09:05→2026-10-02T12:15	11	124b849..6d3315f	docs/3080M.md	ext@48 0.1M/33	
fdd68fb3-d304-40df-b17b-5a7d3f2afd46	2026-10-02T09:05→2026-10-05T06:47	54	48beb7d..7c1d9a7	docs/._3060M.md docs/._3080M.md docs/3060M.md docs/DETAILS.md	ext@124 23.4M/72	
ed11a558-488f-44ff-ae44-74cbeaee92fe	2026-10-05T08:00→2026-10-05T16:56	28	1e42cf3..6d878ce	docs/AIMAX+395-ROCm.md docs/AMD_HIP.md docs/DONE.md docs/TODO.md	ext@114 7.2M/83	
0c48fab3-1b8b-4b85-888e-da64babaa7a2	2026-10-05T17:06→2026-10-05T18:07	2	9ccb8b6..61aafd9	docs/AIMAX+395-ROCm.md docs/TODO.md	ext@53 0.1M/56	
53cb97e9-f88c-45ee-a459-ee7480855903	2026-10-05T18:31→2026-10-05T19:00	1	583d4a0	docs/AIMAX+395-ROCm.md docs/TODO.md	ext@23 0.0M/0	
9bf6cfb7-6d91-43a9-89c9-f65ef28bd586	2026-10-05T19:08→2026-10-05T19:24	2	fe6fc9d..c701eb2	docs/AIMAX+395-ROCm.md docs/TODO.md	ext@4 0.0M/4	
6102077a-2453-4770-ad42-4711a9d06172	2026-10-05T19:27→2026-10-05T20:47	2	43ef6ff..8a0c139	docs/AIMAX+395-ROCm.md docs/TODO.md	ext@34 30.3M/26	
d1be491a-b33a-4ce9-9870-f25de33f7058	2026-10-05T20:59→2026-10-05T21:33	2	c90320c..b80f077	docs/AIMAX+395-ROCm.md docs/TODO.md	ext@11 0.0M/2	
f6c141de-c966-4cc9-b18a-39f6b95b686d	2026-10-05T21:36→2026-10-06T07:03	2	c79495a	docs/AIMAX+395-ROCm.md docs/TODO.md	ext@34 213.4M/375	
