210 MHz, 8.22 W, 28, 0x0000000000000001
210 MHz, 8.22 W, 28, 0x0000000000000001
210 MHz, 8.22 W, 28, 0x0000000000000001
2010 MHz, 12.23 W, 31, 0x0000000000000048
2010 MHz, 12.23 W, 31, 0x0000000000000048
2010 MHz, 12.23 W, 31, 0x0000000000000048
1897 MHz, 16.75 W, 38, 0x0000000000000004
1897 MHz, 16.75 W, 38, 0x0000000000000004
2017 MHz, 25.05 W, 34, 0x0000000000000004
2017 MHz, 25.05 W, 34, 0x0000000000000004
2017 MHz, 25.05 W, 34, 0x0000000000000004
1972 MHz, 25.74 W, 39, 0x0000000000000004
1972 MHz, 25.74 W, 39, 0x0000000000000004
1972 MHz, 25.82 W, 37, 0x0000000000000004
1972 MHz, 25.82 W, 37, 0x0000000000000004
1972 MHz, 25.82 W, 37, 0x0000000000000004
1935 MHz, 25.80 W, 38, 0x0000000000000004
