mode	size	mtime	blob	layer	path
100644	3745	2026-10-02T09:56:13	420d2601cc15	quick	scratchpad/bench_halo.py
100644	36196	2026-10-02T09:28:40	c7d15154f2a9	quick	scratchpad/build.log
100644	357	2026-10-02T09:19:17	7dda076f6642	quick	scratchpad/dst.txt
100644	10860	2026-10-02T09:39:31	29974d025b9c	quick	scratchpad/mtp.log
100644	382	2026-10-02T09:28:21	976e79924152	quick	scratchpad/pack.log
100644	23651	2026-10-02T09:19:11	ae00b2ae1717	quick	scratchpad/rsync.log
100755	665	2026-10-02T09:56:40	45e53690e503	quick	scratchpad/run_bench.sh
100644	386	2026-10-02T09:56:42	03fd05828152	quick	scratchpad/server-mtp.log
100644	1274	2026-10-02T09:56:21	c3ddbf9085c7	quick	scratchpad/server.log
100644	3278	2026-10-02T09:19:45	ae8618adcb63	quick	scratchpad/setup.log
100644	1007	2026-10-02T09:56:31	60432709563e	quick	scratchpad/strata-coder-iq1_m-plain.json
100644	29	2026-10-02T09:28:40	566acae3cd1a	quick	tasks/b7eozz76e.output
100644	794	2026-10-02T09:40:04	19d4af08a2b5	quick	tasks/bdcw5gw34.output
100644	29	2026-10-02T09:28:21	566acae3cd1a	quick	tasks/be1o1zr3h.output
100644	29	2026-10-02T09:39:31	566acae3cd1a	quick	tasks/bhmic50yj.output
100644	29	2026-10-02T09:19:11	566acae3cd1a	quick	tasks/bl34zkip8.output
100644	24	2026-10-02T09:56:19	be81fd112f5a	quick	tasks/bml9bknvr.output
100644	29	2026-10-02T09:19:45	a16938871c4c	quick	tasks/bnwp7p22f.output
100644	0	2026-10-02T09:56:40	e69de29bb2d1	quick	tasks/br0c8lif6.output
100644	177	2026-10-02T09:10:32	b5ab87f47f34	quick	tasks/bvvuz11q8.output
